epoch,train_loss,train_top1,val_loss,val_top1,lr,epoch_sec
1,2.1614,0.28,1.56929,0.7,0.000299178284305241,0.5
2,1.29225,0.73667,1.06729,0.76667,0.00029672214011007087,0.6
3,0.9019,0.92,0.90805,0.83333,0.00029265847744427303,0.6
4,0.75189,0.97667,0.89971,0.83333,0.00028703181864639014,0.6
5,0.68166,0.96333,0.86221,0.86667,0.00027990381056766574,0.6
6,0.62676,0.98667,0.8313,0.86667,0.00027135254915624206,0.6
7,0.60549,0.98667,0.83909,0.83333,0.0002614717238216091,0.6
8,0.58082,0.99667,0.87133,0.83333,0.0002503695909538287,0.6
9,0.56781,0.99667,0.84479,0.83333,0.00023816778784387094,0.6
10,0.5554,1.0,0.83197,0.9,0.00022499999999999997,0.6
11,0.54944,1.0,0.83921,0.86667,0.00021101049646136998,0.6
12,0.54392,1.0,0.85279,0.8,0.00019635254915624208,0.6
13,0.5387,1.0,0.86053,0.83333,0.00018118675362266385,0.6
14,0.53536,1.0,0.83716,0.86667,0.00016567926949014798,0.6
15,0.53303,1.0,0.83802,0.86667,0.00014999999999999993,0.6
16,0.53082,1.0,0.84403,0.86667,0.00013432073050985194,0.6
17,0.52926,1.0,0.84407,0.86667,0.00011881324637733603,0.6
18,0.52821,1.0,0.83583,0.86667,0.00010364745084375784,0.6
19,0.52674,1.0,0.83531,0.86667,8.898950353862991e-05,0.6
20,0.52599,1.0,0.83508,0.86667,7.499999999999993e-05,0.6
21,0.52523,1.0,0.83457,0.86667,6.183221215612901e-05,0.6
22,0.52467,1.0,0.83453,0.86667,4.963040904617124e-05,0.6
23,0.52411,1.0,0.83435,0.86667,3.8528276178390834e-05,0.6
24,0.52368,1.0,0.83366,0.86667,2.8647450843757884e-05,0.6
25,0.52336,1.0,0.8339,0.86667,2.0096189432334214e-05,0.6
26,0.52327,1.0,0.83375,0.86667,1.296818135360988e-05,0.6
27,0.52326,1.0,0.83385,0.86667,7.341522555726966e-06,0.6
28,0.52303,1.0,0.83387,0.86667,3.2778598899291613e-06,0.6
29,0.52305,1.0,0.8338,0.86667,8.217156947590061e-07,0.6
30,0.52308,1.0,0.83377,0.86667,0.0,0.6
